Workbook

Sheet Overview
A1: Drift Miner Stage 2 - Relic Upgrade Trees
A2: Editable design workbook: two five-tier paths for each relic. Costs and effects are starting proposals. | B2: Editable design workbook: two five-tier paths for each relic. Costs and effects are starting proposals. | C2: Editable design workbook: two five-tier paths for each relic. Costs and effects are starting proposals. | D2: Editable design workbook: two five-tier paths for each relic. Costs and effects are starting proposals. | E2: Editable design workbook: two five-tier paths for each relic. Costs and effects are starting proposals. | F2: Editable design workbook: two five-tier paths for each relic. Costs and effects are starting proposals. | G2: Editable design workbook: two five-tier paths for each relic. Costs and effects are starting proposals. | H2: Editable design workbook: two five-tier paths for each relic. Costs and effects are starting proposals. | I2: Editable design workbook: two five-tier paths for each relic. Costs and effects are starting proposals. | J2: Editable design workbook: two five-tier paths for each relic. Costs and effects are starting proposals. | K2: Editable design workbook: two five-tier paths for each relic. Costs and effects are starting proposals. | L2: Editable design workbook: two five-tier paths for each relic. Costs and effects are starting proposals. | M2: Editable design workbook: two five-tier paths for each relic. Costs and effects are starting proposals.
A4: Relic | B4: Combat Role | C4: Control | D4: Path A | E4: Path B | F4: Path A Cost | G4: Path B Cost | H4: Design Intent
A5: Homing Missile | B5: Heavy guided salvo | C5: Y / H | D5: Swarm Doctrine | E5: Siege Warheads | F5: ='Homing Missile'!F11 -> 15 | G5: ='Homing Missile'!M11 -> 15 | H5: More missiles, faster reacquisition, and broad target coverage. / Fewer compromises: heavier impacts, boss damage, and explosive payloads.
A6: Flak Cannon | B6: Cluster-clearing artillery | C6: X / F | D6: Saturation Barrage | E6: Area Denial | F6: ='Flak Cannon'!F11 -> 15 | G6: ='Flak Cannon'!M11 -> 15 | H6: More shells and better coverage against large formations. / Bigger blasts, lingering shrapnel, and stronger payload interception.
A7: EMP Pulse | B7: Non-damaging battlefield control | C7: Right Stick Click / R | D7: Lockdown Field | E7: System Sabotage | F7: ='EMP Pulse'!F11 -> 15 | G7: ='EMP Pulse'!M11 -> 15 | H7: Longer, stronger slowing and broader control of the whole screen. / EMP remains non-damaging but makes enemies easier to destroy.
A8: Railgun | B8: High-power piercing lane attack | C8: B / E | D8: Capacitor Cascade | E8: Singularity Lance | F8: =Railgun!F11 -> 15 | G8: =Railgun!M11 -> 15 | H8: Multiple pulses, wider coverage, and repeated lane clearing. / One enormous shot optimized for bosses and armored targets.
A9: Gravity Well | B9: Formation control and payload capture | C9: LT / G | D9: Compression Field | E9: Orbital Control | F9: ='Gravity Well'!F11 -> 15 | G9: ='Gravity Well'!M11 -> 15 | H9: Crushes targets together and increases damage inside the well. / Larger wells, longer duration, and multiple placement options.
A10: Drone Squadron | B10: Permanent autonomous support | C10: Passive | D10: Interceptor Wing | E10: Support Network | F10: ='Drone Squadron'!F11 -> 15 | G10: ='Drone Squadron'!M11 -> 15 | H10: Improves combat performance and prioritizes dangerous payloads. / Improves salvage collection, repairs, and defensive utility.
A11: Scatter Core | B11: Unguided multi-shot main weapon | C11: Passive | D11: Fusillade Array | E11: Fragmentation Core | F11: ='Scatter Core'!F11 -> 15 | G11: ='Scatter Core'!M11 -> 15 | H11: Adds more projectiles and wider coverage. / Keeps a tighter volley but adds impact effects and penetration.
A12: Seeking Matrix | B12: Homing main-weapon mutation | C12: Passive | D12: Guidance Matrix | E12: Hunter Matrix | F12: ='Seeking Matrix'!F11 -> 15 | G12: ='Seeking Matrix'!M11 -> 15 | H12: Improves tracking, reacquisition, and multi-target performance. / Trades some broad tracking for penetration and priority-target damage.
A14: Suggested implementation: recover the relic at Level 1, then spend carapaces between waves. A branch-selection rule can be added later without changing the workbook structure.

Sheet Homing Missile
A1: Homing Missile Upgrade Tree
A2: Heavy guided salvo | Control: Y / H | B2: Heavy guided salvo | Control: Y / H | C2: Heavy guided salvo | Control: Y / H | D2: Heavy guided salvo | Control: Y / H | E2: Heavy guided salvo | Control: Y / H | F2: Heavy guided salvo | Control: Y / H | G2: Heavy guided salvo | Control: Y / H | H2: Heavy guided salvo | Control: Y / H | I2: Heavy guided salvo | Control: Y / H | J2: Heavy guided salvo | Control: Y / H | K2: Heavy guided salvo | Control: Y / H | L2: Heavy guided salvo | Control: Y / H | M2: Heavy guided salvo | Control: Y / H
A4: Swarm Doctrine | H4: Siege Warheads
A5: More missiles, faster reacquisition, and broad target coverage. | H5: Fewer compromises: heavier impacts, boss damage, and explosive payloads.
A6: Tier | B6: Upgrade | C6: Description | D6: Numerical Change | E6: Cost | F6: Cumulative | H6: Tier | I6: Upgrade | J6: Description | K6: Numerical Change | L6: Cost | M6: Cumulative
A7: 1 | B7: Expanded Racks | C7: Adds two missiles to each salvo. | D7: +2 missiles | E7: 1 | F7: =E7 -> 1 | H7: 1 | I7: Dense Warheads | J7: Increases missile impact damage. | K7: +25% missile damage | L7: 1 | M7: =L7 -> 1
A8: 2 | B8: Distributed Locks | C8: Missiles divide themselves across more separate targets. | D8: Improved target distribution | E8: 2 | F8: =F7+E8 -> 3 | H8: 2 | I8: Breach Guidance | J8: Missiles deal increased damage to elites and bosses. | K8: +35% elite/boss damage | L8: 2 | M8: =M7+L8 -> 3
A9: 3 | B9: Rapid Reacquisition | C9: A missile that loses its target immediately seeks another. | D9: Faster retargeting | E9: 3 | F9: =F8+E9 -> 6 | H9: 3 | I9: Cluster Charge | J9: Missile impacts damage nearby ships and payloads. | K9: 70 px blast, 35% splash | L9: 3 | M9: =M8+L9 -> 6
A10: 4 | B10: Cascade Launch | C10: Destroyed targets release a small secondary seeker. | D10: 1 micro-missile per kill | E10: 4 | F10: =F9+E10 -> 10 | H10: 4 | I10: Tandem Detonation | J10: Each missile detonates a second time after impact. | K10: Second blast at 50% | L10: 4 | M10: =M9+L10 -> 10
A11: 5 | B11: Hunter Swarm | C11: Launches an additional wave shortly after the first. | D11: Second wave at 45% power | E11: 5 | F11: =F10+E11 -> 15 | H11: 5 | I11: Siege Breaker | J11: The central missile becomes a massive boss-killing warhead. | K11: 3x central missile damage | L11: 5 | M11: =M10+L11 -> 15
A13: Branch rule: tiers are sequential; choose whether branches are exclusive or mixable during implementation. | H13: Branch rule: tiers are sequential; choose whether branches are exclusive or mixable during implementation.
A15: Designer Notes
A16: Editable notes: tune numerical values, branch exclusivity, and prerequisite rules after playtesting.

Sheet Flak Cannon
A1: Flak Cannon Upgrade Tree
A2: Cluster-clearing artillery | Control: X / F | B2: Cluster-clearing artillery | Control: X / F | C2: Cluster-clearing artillery | Control: X / F | D2: Cluster-clearing artillery | Control: X / F | E2: Cluster-clearing artillery | Control: X / F | F2: Cluster-clearing artillery | Control: X / F | G2: Cluster-clearing artillery | Control: X / F | H2: Cluster-clearing artillery | Control: X / F | I2: Cluster-clearing artillery | Control: X / F | J2: Cluster-clearing artillery | Control: X / F | K2: Cluster-clearing artillery | Control: X / F | L2: Cluster-clearing artillery | Control: X / F | M2: Cluster-clearing artillery | Control: X / F
A4: Saturation Barrage | H4: Area Denial
A5: More shells and better coverage against large formations. | H5: Bigger blasts, lingering shrapnel, and stronger payload interception.
A6: Tier | B6: Upgrade | C6: Description | D6: Numerical Change | E6: Cost | F6: Cumulative | H6: Tier | I6: Upgrade | J6: Description | K6: Numerical Change | L6: Cost | M6: Cumulative
A7: 1 | B7: Expanded Battery | C7: Adds one shell to every flak salvo. | D7: +1 shell | E7: 1 | F7: =E7 -> 1 | H7: 1 | I7: Shrapnel Payload | J7: Increases blast damage and radius. | K7: +20% damage, +15% radius | L7: 1 | M7: =L7 -> 1
A8: 2 | B8: Wide Pattern | C8: Shells distribute themselves across more targets. | D8: Wider target spread | E8: 2 | F8: =F7+E8 -> 3 | H8: 2 | I8: Payload Interceptor | J8: Flak deals increased damage to alien bombs and plasma. | K8: +60% payload damage | L8: 2 | M8: =M7+L8 -> 3
A9: 3 | B9: Proximity Fuses | C9: Shells detonate early when passing close to an alien. | D9: +28 px trigger radius | E9: 3 | F9: =F8+E9 -> 6 | H9: 3 | I9: Burning Fragments | J9: Blast zones linger and damage ships passing through. | K9: 2.5 sec hazard field | L9: 3 | M9: =M8+L9 -> 6
A10: 4 | B10: Chain Barrage | C10: The salvo launches a delayed second group of shells. | D10: Second group at 45% power | E10: 4 | F10: =F9+E10 -> 10 | H10: 4 | I10: Cluster Shrapnel | J10: Destroyed payloads throw fragments into nearby aliens. | K10: 4 fragments per payload | L10: 4 | M10: =M9+L10 -> 10
A11: 5 | B11: Sky Saturation | C11: Every visible cluster receives at least one shell. | D11: Maximum target coverage | E11: 5 | F11: =F10+E11 -> 15 | H11: 5 | I11: No-Fly Zone | J11: Flak fields overlap into a large persistent defensive canopy. | K11: 5 sec combined field | L11: 5 | M11: =M10+L11 -> 15
A13: Branch rule: tiers are sequential; choose whether branches are exclusive or mixable during implementation. | H13: Branch rule: tiers are sequential; choose whether branches are exclusive or mixable during implementation.
A15: Designer Notes
A16: Editable notes: tune numerical values, branch exclusivity, and prerequisite rules after playtesting.

Sheet EMP Pulse
A1: EMP Pulse Upgrade Tree
A2: Non-damaging battlefield control | Control: Right Stick Click / R | B2: Non-damaging battlefield control | Control: Right Stick Click / R | C2: Non-damaging battlefield control | Control: Right Stick Click / R | D2: Non-damaging battlefield control | Control: Right Stick Click / R | E2: Non-damaging battlefield control | Control: Right Stick Click / R | F2: Non-damaging battlefield control | Control: Right Stick Click / R | G2: Non-damaging battlefield control | Control: Right Stick Click / R | H2: Non-damaging battlefield control | Control: Right Stick Click / R | I2: Non-damaging battlefield control | Control: Right Stick Click / R | J2: Non-damaging battlefield control | Control: Right Stick Click / R | K2: Non-damaging battlefield control | Control: Right Stick Click / R | L2: Non-damaging battlefield control | Control: Right Stick Click / R | M2: Non-damaging battlefield control | Control: Right Stick Click / R
A4: Lockdown Field | H4: System Sabotage
A5: Longer, stronger slowing and broader control of the whole screen. | H5: EMP remains non-damaging but makes enemies easier to destroy.
A6: Tier | B6: Upgrade | C6: Description | D6: Numerical Change | E6: Cost | F6: Cumulative | H6: Tier | I6: Upgrade | J6: Description | K6: Numerical Change | L6: Cost | M6: Cumulative
A7: 1 | B7: Field Amplifier | C7: Increases EMP disruption duration. | D7: +1.0 sec duration | E7: 1 | F7: =E7 -> 1 | H7: 1 | I7: Sensor Blackout | J7: Disrupted ships wobble less predictably and cannot release payloads. | K7: Payload launch disabled | L7: 1 | M7: =L7 -> 1
A8: 2 | B8: Deep Suppression | C8: Affected ships move even more slowly. | D8: Speed reduced to 4% | E8: 2 | F8: =F7+E8 -> 3 | H8: 2 | I8: Shield Collapse | J8: Disrupted targets take additional weapon damage. | K8: +15% incoming damage | L8: 2 | M8: =M7+L8 -> 3
A9: 3 | B9: Payload Arrest | C9: Alien payloads briefly stop instead of merely slowing. | D9: 1.5 sec payload freeze | E9: 3 | F9: =F8+E9 -> 6 | H9: 3 | I9: Cascade Interference | J9: Destroying a disrupted enemy spreads EMP to nearby targets. | K9: 100 px chain radius | L9: 3 | M9: =M8+L9 -> 6
A10: 4 | B10: Residual Charge | C10: A weaker disruption lingers after the main pulse ends. | D10: 3 sec at 40% strength | E10: 4 | F10: =F9+E10 -> 10 | H10: 4 | I10: Boss Override | J10: Boss weapons and movement are more heavily suppressed. | K10: +50% boss disruption | L10: 4 | M10: =M9+L10 -> 10
A11: 5 | B11: Total Lockdown | C11: All targets freeze briefly before normal disruption begins. | D11: 2 sec full freeze | E11: 5 | F11: =F10+E11 -> 15 | H11: 5 | I11: System Failure | J11: Disrupted targets lose all special abilities for the pulse duration. | K11: Abilities disabled | L11: 5 | M11: =M10+L11 -> 15
A13: Branch rule: tiers are sequential; choose whether branches are exclusive or mixable during implementation. | H13: Branch rule: tiers are sequential; choose whether branches are exclusive or mixable during implementation.
A15: Designer Notes
A16: Editable notes: tune numerical values, branch exclusivity, and prerequisite rules after playtesting.

Sheet Railgun
A1: Railgun Upgrade Tree
A2: High-power piercing lane attack | Control: B / E | B2: High-power piercing lane attack | Control: B / E | C2: High-power piercing lane attack | Control: B / E | D2: High-power piercing lane attack | Control: B / E | E2: High-power piercing lane attack | Control: B / E | F2: High-power piercing lane attack | Control: B / E | G2: High-power piercing lane attack | Control: B / E | H2: High-power piercing lane attack | Control: B / E | I2: High-power piercing lane attack | Control: B / E | J2: High-power piercing lane attack | Control: B / E | K2: High-power piercing lane attack | Control: B / E | L2: High-power piercing lane attack | Control: B / E | M2: High-power piercing lane attack | Control: B / E
A4: Capacitor Cascade | H4: Singularity Lance
A5: Multiple pulses, wider coverage, and repeated lane clearing. | H5: One enormous shot optimized for bosses and armored targets.
A6: Tier | B6: Upgrade | C6: Description | D6: Numerical Change | E6: Cost | F6: Cumulative | H6: Tier | I6: Upgrade | J6: Description | K6: Numerical Change | L6: Cost | M6: Cumulative
A7: 1 | B7: Capacitor Echo | C7: Adds a second rail pulse after the first. | D7: Second pulse at 65% | E7: 1 | F7: =E7 -> 1 | H7: 1 | I7: Rail Accelerator | J7: Increases base rail damage. | K7: +30% damage | L7: 1 | M7: =L7 -> 1
A8: 2 | B8: Wide Conduit | C8: Increases beam width. | D8: +24 px beam width | E8: 2 | F8: =F7+E8 -> 3 | H8: 2 | I8: Tungsten Lance | J8: Greatly increases boss and elite damage. | K8: +60% elite/boss damage | L8: 2 | M8: =M7+L8 -> 3
A9: 3 | B9: Triple Discharge | C9: Adds a third pulse to the firing sequence. | D9: Third pulse at 55% | E9: 3 | F9: =F8+E9 -> 6 | H9: 3 | I9: Payload Vaporizer | J9: Railgun instantly destroys most non-boss payloads. | K9: 4x payload damage | L9: 3 | M9: =M8+L9 -> 6
A10: 4 | B10: Resonant Channel | C10: Each hit slightly strengthens the next pulse. | D10: +8% per prior hit | E10: 4 | F10: =F9+E10 -> 10 | H10: 4 | I10: Critical Channel | J10: Targets near the beam center take additional damage. | K10: +50% centerline damage | L10: 4 | M10: =M9+L10 -> 10
A11: 5 | B11: Storm Rail | C11: Fires five rapid pulses across a very wide lane. | D11: 5-pulse sequence | E11: 5 | F11: =F10+E11 -> 15 | H11: 5 | I11: Singularity Lance | J11: Condenses the sequence into one devastating narrow beam. Beam stays active for 5 seconds. | K11: 3.5x damage, narrower beam | L11: 5 | M11: =M10+L11 -> 15
A13: Branch rule: tiers are sequential; choose whether branches are exclusive or mixable during implementation. | H13: Branch rule: tiers are sequential; choose whether branches are exclusive or mixable during implementation.
A15: Designer Notes
A16: Editable notes: tune numerical values, branch exclusivity, and prerequisite rules after playtesting.

Sheet Gravity Well
A1: Gravity Well Upgrade Tree
A2: Formation control and payload capture | Control: LT / G | B2: Formation control and payload capture | Control: LT / G | C2: Formation control and payload capture | Control: LT / G | D2: Formation control and payload capture | Control: LT / G | E2: Formation control and payload capture | Control: LT / G | F2: Formation control and payload capture | Control: LT / G | G2: Formation control and payload capture | Control: LT / G | H2: Formation control and payload capture | Control: LT / G | I2: Formation control and payload capture | Control: LT / G | J2: Formation control and payload capture | Control: LT / G | K2: Formation control and payload capture | Control: LT / G | L2: Formation control and payload capture | Control: LT / G | M2: Formation control and payload capture | Control: LT / G
A4: Compression Field | H4: Orbital Control
A5: Crushes targets together and increases damage inside the well. | H5: Larger wells, longer duration, and multiple placement options.
A6: Tier | B6: Upgrade | C6: Description | D6: Numerical Change | E6: Cost | F6: Cumulative | H6: Tier | I6: Upgrade | J6: Description | K6: Numerical Change | L6: Cost | M6: Cumulative
A7: 1 | B7: Crushing Field | C7: Adds continuous damage inside the gravity well. | D7: +35 damage/sec | E7: 1 | F7: =E7 -> 1 | H7: 1 | I7: Expanded Singularity | J7: Increases gravity well radius. | K7: +25% radius | L7: 1 | M7: =L7 -> 1
A8: 2 | B8: Tidal Stress | C8: Targets closer to the center take more damage. | D8: Up to 2x center damage | E8: 2 | F8: =F7+E8 -> 3 | H8: 2 | I8: Stable Orbit | J8: Increases well duration. | K8: +2 sec duration | L8: 2 | M8: =M7+L8 -> 3
A9: 3 | B9: Payload Collapse | C9: Alien payloads take increased gravity damage. | D9: +75% payload damage | E9: 3 | F9: =F8+E9 -> 6 | H9: 3 | I9: Vector Pull | J9: Pull strength increases and affects faster ships. | K9: +35% pull strength | L9: 3 | M9: =M8+L9 -> 6
A10: 4 | B10: Compression Burst | C10: The well explodes when it expires. | D10: 180 final blast damage | E10: 4 | F10: =F9+E10 -> 10 | H10: 4 | I10: Twin Wells | J10: Deploys two smaller wells around the aiming point. | K10: 2 wells at 75% size | L10: 4 | M10: =M9+L10 -> 10
A11: 5 | B11: Event Horizon | C11: Targets at the center are briefly trapped and heavily damaged. | D11: 2 sec center trap | E11: 5 | F11: =F10+E11 -> 15 | H11: 5 | I11: Orbital Prison | J11: Creates a long-duration field that follows the densest cluster. | K11: Tracking 8 sec well | L11: 5 | M11: =M10+L11 -> 15
A13: Branch rule: tiers are sequential; choose whether branches are exclusive or mixable during implementation. | H13: Branch rule: tiers are sequential; choose whether branches are exclusive or mixable during implementation.
A15: Designer Notes
A16: Editable notes: tune numerical values, branch exclusivity, and prerequisite rules after playtesting.

Sheet Drone Squadron
A1: Drone Squadron Upgrade Tree
A2: Permanent autonomous support | Control: Passive | B2: Permanent autonomous support | Control: Passive | C2: Permanent autonomous support | Control: Passive | D2: Permanent autonomous support | Control: Passive | E2: Permanent autonomous support | Control: Passive | F2: Permanent autonomous support | Control: Passive | G2: Permanent autonomous support | Control: Passive | H2: Permanent autonomous support | Control: Passive | I2: Permanent autonomous support | Control: Passive | J2: Permanent autonomous support | Control: Passive | K2: Permanent autonomous support | Control: Passive | L2: Permanent autonomous support | Control: Passive | M2: Permanent autonomous support | Control: Passive
A4: Interceptor Wing | H4: Support Network
A5: Improves combat performance and prioritizes dangerous payloads. | H5: Improves salvage collection, repairs, and defensive utility.
A6: Tier | B6: Upgrade | C6: Description | D6: Numerical Change | E6: Cost | F6: Cumulative | H6: Tier | I6: Upgrade | J6: Description | K6: Numerical Change | L6: Cost | M6: Cumulative
A7: 1 | B7: Combat Drones | C7: Increases drone shot damage. | D7: +25% drone damage | E7: 1 | F7: =E7 -> 1 | H7: 1 | I7: Salvage Network | J7: Increases drone pickup range. | K7: +50% collection radius | L7: 1 | M7: =L7 -> 1
A8: 2 | B8: Interceptor Logic | C8: Drones prioritize bombs and plasma over ships. | D8: Payload priority | E8: 2 | F8: =F7+E8 -> 3 | H8: 2 | I8: Cargo Relay | J8: Collected debris is worth more. | K8: +20% debris value | L8: 2 | M8: =M7+L8 -> 3
A9: 3 | B9: Coordinated Fire | C9: Multiple drones focus damaged priority targets. | D9: Shared target logic | E9: 3 | F9: =F8+E9 -> 6 | H9: 3 | I9: Repair Wing | J9: Drones slowly restore base integrity. | K9: +1.2 HP/sec | L9: 3 | M9: =M8+L9 -> 6
A10: 4 | B10: Point Defense | C10: Drones can destroy nearby hostile shots instantly on a timer. | D10: 1 intercept per 5 sec | E10: 4 | F10: =F9+E10 -> 10 | H10: 4 | I10: Emergency Patch | J10: Drones repair the base after a payload impact. | K10: Restore 20% of hit damage | L10: 4 | M10: =M9+L10 -> 10
A11: 5 | B11: Guardian Wing | C11: Adds two elite drones with stronger weapons. | D11: +2 elite drones | E11: 5 | F11: =F10+E11 -> 15 | H11: 5 | I11: Autonomous Foundry | J11: Drones periodically create one debris during combat. | K11: 1 debris per 18 sec | L11: 5 | M11: =M10+L11 -> 15
A13: Branch rule: tiers are sequential; choose whether branches are exclusive or mixable during implementation. | H13: Branch rule: tiers are sequential; choose whether branches are exclusive or mixable during implementation.
A15: Designer Notes
A16: Editable notes: tune numerical values, branch exclusivity, and prerequisite rules after playtesting.

Sheet Scatter Core
A1: Scatter Core Upgrade Tree
A2: Unguided multi-shot main weapon | Control: Passive | B2: Unguided multi-shot main weapon | Control: Passive | C2: Unguided multi-shot main weapon | Control: Passive | D2: Unguided multi-shot main weapon | Control: Passive | E2: Unguided multi-shot main weapon | Control: Passive | F2: Unguided multi-shot main weapon | Control: Passive | G2: Unguided multi-shot main weapon | Control: Passive | H2: Unguided multi-shot main weapon | Control: Passive | I2: Unguided multi-shot main weapon | Control: Passive | J2: Unguided multi-shot main weapon | Control: Passive | K2: Unguided multi-shot main weapon | Control: Passive | L2: Unguided multi-shot main weapon | Control: Passive | M2: Unguided multi-shot main weapon | Control: Passive
A4: Fusillade Array | H4: Fragmentation Core
A5: Adds more projectiles and wider coverage. | H5: Keeps a tighter volley but adds impact effects and penetration.
A6: Tier | B6: Upgrade | C6: Description | D6: Numerical Change | E6: Cost | F6: Cumulative | H6: Tier | I6: Upgrade | J6: Description | K6: Numerical Change | L6: Cost | M6: Cumulative
A7: 1 | B7: Triple Volley | C7: Converts the cannon into a three-shot spread. | D7: 3 projectiles | E7: 1 | F7: =E7 -> 1 | H7: 1 | I7: Tight Formation | J7: Narrows the spread and improves individual projectile damage. | K7: +12% pellet damage | L7: 1 | M7: =L7 -> 1
A8: 2 | B8: Wide Formation | C8: Increases spacing between spread projectiles. | D8: +30% spread angle | E8: 2 | F8: =F7+E8 -> 3 | H8: 2 | I8: Dense Pellets | J8: Spread projectiles deal increased payload damage. | K8: +40% payload damage | L8: 2 | M8: =M7+L8 -> 3
A9: 3 | B9: Fusillade Array | C9: Expands the volley to five projectiles. | D9: 5 projectiles | E9: 3 | F9: =F8+E9 -> 6 | H9: 3 | I9: Fragmenting Volley | J9: Impacts damage nearby targets. | K9: 45 px splash | L9: 3 | M9: =M8+L9 -> 6
A10: 4 | B10: Wing Cannons | C10: Adds two low-damage outer projectiles. | D10: 7 projectiles | E10: 4 | F10: =F9+E10 -> 10 | H10: 4 | I10: Shatter Rounds | J10: Destroyed payloads create damaging fragments. | K10: 3 fragments | L10: 4 | M10: =M9+L10 -> 10
A11: 5 | B11: Barrage Core | C11: Fires nine projectiles in a broad defensive fan. | D11: 9 projectiles | E11: 5 | F11: =F10+E11 -> 15 | H11: 5 | I11: Breach Volley | J11: Every pellet penetrates one additional target. | K11: +1 penetration | L11: 5 | M11: =M10+L11 -> 15
A13: Branch rule: tiers are sequential; choose whether branches are exclusive or mixable during implementation. | H13: Branch rule: tiers are sequential; choose whether branches are exclusive or mixable during implementation.
A15: Designer Notes
A16: Editable notes: tune numerical values, branch exclusivity, and prerequisite rules after playtesting.

Sheet Seeking Matrix
A1: Seeking Matrix Upgrade Tree
A2: Homing main-weapon mutation | Control: Passive | B2: Homing main-weapon mutation | Control: Passive | C2: Homing main-weapon mutation | Control: Passive | D2: Homing main-weapon mutation | Control: Passive | E2: Homing main-weapon mutation | Control: Passive | F2: Homing main-weapon mutation | Control: Passive | G2: Homing main-weapon mutation | Control: Passive | H2: Homing main-weapon mutation | Control: Passive | I2: Homing main-weapon mutation | Control: Passive | J2: Homing main-weapon mutation | Control: Passive | K2: Homing main-weapon mutation | Control: Passive | L2: Homing main-weapon mutation | Control: Passive | M2: Homing main-weapon mutation | Control: Passive
A4: Guidance Matrix | H4: Hunter Matrix
A5: Improves tracking, reacquisition, and multi-target performance. | H5: Trades some broad tracking for penetration and priority-target damage.
A6: Tier | B6: Upgrade | C6: Description | D6: Numerical Change | E6: Cost | F6: Cumulative | H6: Tier | I6: Upgrade | J6: Description | K6: Numerical Change | L6: Cost | M6: Cumulative
A7: 1 | B7: Vector Guidance | C7: Increases guided-round turning strength. | D7: +35% turn rate | E7: 1 | F7: =E7 -> 1 | H7: 1 | I7: Hunter Rounds | J7: Guided rounds deal additional damage to elites. | K7: +25% elite damage | L7: 1 | M7: =L7 -> 1
A8: 2 | B8: Smart Reacquisition | C8: Rounds immediately seek a new target after a kill. | D8: Instant retarget | E8: 2 | F8: =F7+E8 -> 3 | H8: 2 | I8: Boss Lock | J8: Guided rounds prioritize bosses while one is present. | K8: Boss priority | L8: 2 | M8: =M7+L8 -> 3
A9: 3 | B9: Distributed Guidance | C9: Spread projectiles prefer separate targets. | D9: Target distribution | E9: 3 | F9: =F8+E9 -> 6 | H9: 3 | I9: Piercing Guidance | J9: Guided rounds pass through one target. | K9: +1 penetration | L9: 3 | M9: =M8+L9 -> 6
A10: 4 | B10: Predictive Pursuit | C10: Guided rounds lead moving targets. | D10: Motion prediction | E10: 4 | F10: =F9+E10 -> 10 | H10: 4 | I10: Weak-Point Logic | J10: Guided rounds gain damage after sustained tracking. | K10: Up to +35% damage | L10: 4 | M10: =M9+L10 -> 10
A11: 5 | B11: Perfect Guidance | C11: Rounds can reverse once to acquire a missed target. | D11: One reversal | E11: 5 | F11: =F10+E11 -> 15 | H11: 5 | I11: Execution Matrix | J11: Low-health elites and bosses take greatly increased damage. | K11: +80% below 20% HP | L11: 5 | M11: =M10+L11 -> 15
A13: Branch rule: tiers are sequential; choose whether branches are exclusive or mixable during implementation. | H13: Branch rule: tiers are sequential; choose whether branches are exclusive or mixable during implementation.
A15: Designer Notes
A16: Editable notes: tune numerical values, branch exclusivity, and prerequisite rules after playtesting.
